"id";"username";"email"
1;"mark";"mark@yahoo.com"
2;"brian";"brian@gmail.com"
3;"damien";"damien@yahoo.com"
4;"steve";"steve@gmail.com"
5;"graham";"graham@gmail.com"
6;"harry";"harry@yahoo.com"
7;"arthur";"arthur@gmail.com"
8;"noah";"noah@yahoo.com"
9;"edward";"edward@gmail.com"
10;"charles";"charles@yahoo.com"
11;"alfred";"alfred@gmail.com"
12;"william";"william@yahoo.com"
13;"jack";"jack@gmail.com"
14;"sachin";"sachin@gmail.com"
15;"rahul";"rahul@yahoo.com"
16;"bruce";"bruce@yahoo.com"
17;"bradley";"bradley@yahoo.com"
18;"brad";"brad@gmail.com"
19;"alex";"alex@yahoo.com"
20;"andrew";"andrew@gmail.com"
